DROP DATABASE IF EXISTS aplus_tutoring_center;

CREATE DATABASE aplus_tutoring_center;

USE aplus_tutoring_center;

-- TABLE STUDENT
CREATE TABLE students (
    id INT NOT NULL AUTO_INCREMENT,
    first_name VARCHAR(100) NOT NULL,
    last_name VARCHAR(100) NOT NULL,
    email_address VARCHAR(100) NOT NULL,
    password CHAR(64) NOT NULL,
    grade_label ENUM("freshman", "sophomore", "junior", "senior") NULL,
    grade_value ENUM("1", "2", "3", "4") NULL,
    major VARCHAR(50) NULL,
    date_enrolled DATETIME NULL DEFAULT CURRENT_TIMESTAMP,
    image TEXT NULL,
    phone VARCHAR(20) NULL,
    PRIMARY KEY (id)
);

INSERT INTO students (id, first_name, last_name, email_address, password, grade_label, grade_value, major, date_enrolled, image, phone) VALUES
(1, "Ian", "Johnson", "ij3130@rit.edu", "b54a95127a4b573f41e335fdbd339dcc2208fbfb1ae0b6fab7599d6e2d6ec754", "senior", 4, "Business Administration", "2022-02-04", NULL, "(585) 555-8750"),
(2, "Hannah", "Brown", "hb5664@rit.edu", "fc881aa34d44660e1012dec26ccda0b469d6c8359e91dc674dab4c095b9fe832", "junior", 3, "Information Technology", "2021-01-01", NULL, "(585) 555-4180"),
(3, "George", "Smith", "gs6768@rit.edu", "0522a55e2d5f0993a3d66d28864b2862a7218a75ea7968b075333434404485c3", "junior", 3, "Software Engineering", "2023-02-16", NULL, "(585) 555-2653"),
(4, "Alice", "Garcia", "ag6688@rit.edu", "2bd806c97f0e00af1a1fc3328fa763a9269723c8db8fac4f93af71db186d6e90", "sophomore", 2, "Mechanical Engineering", "2024-07-28", NULL, "(585) 555-7970"),
(5, "Fiona", "Smith", "fs9560@rit.edu", "4c0db82499ca9a6d65c396d1fbb8e77078e315bd8db0e9476a88cd244aa76ca6", "junior", 3, "Computer Science", "2023-02-23", NULL, "(585) 555-9780"),
(6, "Julia", "Johnson", "jj4973@rit.edu", "d277670919a94ba361be1887d39852c3f31d7eed817343cbb70fcd8910841f86", "junior", 3, "Business Administration", "2024-09-23", NULL, "(585) 555-8337"),
(7, "Alice", "Brown", "ab5361@rit.edu", "2bd806c97f0e00af1a1fc3328fa763a9269723c8db8fac4f93af71db186d6e90", "junior", 3, "Software Engineering", "2021-03-10", NULL, "(585) 555-1429"),
(8, "George", "Smith", "gs1783@rit.edu", "0522a55e2d5f0993a3d66d28864b2862a7218a75ea7968b075333434404485c3", "senior", 4, "Business Administration", "2023-01-20", NULL, "(585) 555-6213"),
(9, "Julia", "Smith", "js3363@rit.edu", "d277670919a94ba361be1887d39852c3f31d7eed817343cbb70fcd8910841f86", "junior", 3, "Mechanical Engineering", "2021-07-06", NULL, "(585) 555-3940"),
(10, "Fiona", "Martinez", "fm2623@rit.edu", "4c0db82499ca9a6d65c396d1fbb8e77078e315bd8db0e9476a88cd244aa76ca6", "freshman", 1, "Mechanical Engineering", "2024-06-03", NULL, "(585) 555-6501"),
(11, "Ian", "Garcia", "ig6201@rit.edu", "b54a95127a4b573f41e335fdbd339dcc2208fbfb1ae0b6fab7599d6e2d6ec754", "senior", 4, "Mechanical Engineering", "2023-11-20", NULL, "(585) 555-1235"),
(12, "Alice", "Martinez", "am1366@rit.edu", "2bd806c97f0e00af1a1fc3328fa763a9269723c8db8fac4f93af71db186d6e90", "senior", 4, "Mechanical Engineering", "2024-12-16", NULL, "(585) 555-1288"),
(13, "Evan", "Johnson", "ej1875@rit.edu", "ae74f72d212fb9871302a2459aeaf7b20bc2f792e4852be648a7d4e63967d9b1", "sophomore", 2, "Software Engineering", "2024-01-17", NULL, "(585) 555-5664"),
(14, "Alice", "Johnson", "aj1084@rit.edu", "2bd806c97f0e00af1a1fc3328fa763a9269723c8db8fac4f93af71db186d6e90", "sophomore", 2, "Biomedical Sciences", "2021-01-06", NULL, "(585) 555-8550"),
(15, "Julia", "Brown", "jb9930@rit.edu", "d277670919a94ba361be1887d39852c3f31d7eed817343cbb70fcd8910841f86", "freshman", 1, "Biomedical Sciences", "2021-03-08", NULL, "(585) 555-6268"),
(16, "Charlie", "Brown", "cb5999@rit.edu", "b9dd960c1753459a78115d3cb845a57d924b6877e805b08bd01086ccdf34433c", "sophomore", 2, "Computer Science", "2022-05-17", NULL, "(585) 555-3963"),
(17, "Alice", "Garcia", "ag7083@rit.edu", "2bd806c97f0e00af1a1fc3328fa763a9269723c8db8fac4f93af71db186d6e90", "sophomore", 2, "Information Technology", "2022-08-05", NULL, "(585) 555-1828"),
(18, "Bob", "Garcia", "bg3865@rit.edu", "81b637d8fcd2c6da6359e6963113a1170de795e4b725b84d1e0b4cfd9ec58ce9", "junior", 3, "Computer Science", "2022-09-05", NULL, "(585) 555-2200"),
(19, "Diana", "Smith", "ds1026@rit.edu", "1b2fc9341a16ae4e30082965d537ae47c21a0f27fd43eab78330ed81751ae6db", "sophomore", 2, "Computer Science", "2021-08-12", NULL, "(585) 555-5890"),
(20, "Julia", "Garcia", "jg4342@rit.edu", "d277670919a94ba361be1887d39852c3f31d7eed817343cbb70fcd8910841f86", "junior", 3, "Software Engineering", "2023-10-21", NULL, "(585) 555-6990"),
(21, "Fiona", "Brown", "fb7449@rit.edu", "4c0db82499ca9a6d65c396d1fbb8e77078e315bd8db0e9476a88cd244aa76ca6", "junior", 3, "Computer Science", "2022-04-22", NULL, "(585) 555-7482"),
(22, "Ian", "Smith", "is3844@rit.edu", "b54a95127a4b573f41e335fdbd339dcc2208fbfb1ae0b6fab7599d6e2d6ec754", "junior", 3, "Computer Science", "2023-11-18", NULL, "(585) 555-2932"),
(23, "George", "Smith", "gs1133@rit.edu", "0522a55e2d5f0993a3d66d28864b2862a7218a75ea7968b075333434404485c3", "junior", 3, "Information Technology", "2024-11-28", NULL, "(585) 555-5488"),
(24, "Diana", "Brown", "db3766@rit.edu", "1b2fc9341a16ae4e30082965d537ae47c21a0f27fd43eab78330ed81751ae6db", "senior", 4, "Biomedical Sciences", "2021-07-07", NULL, "(585) 555-9551"),
(25, "Evan", "Smith", "es9735@rit.edu", "ae74f72d212fb9871302a2459aeaf7b20bc2f792e4852be648a7d4e63967d9b1", "junior", 3, "Biomedical Sciences", "2023-12-23", NULL, "(585) 555-6659"),
(26, "Diana", "Brown", "db6242@rit.edu", "1b2fc9341a16ae4e30082965d537ae47c21a0f27fd43eab78330ed81751ae6db", "junior", 3, "Business Administration", "2024-05-20", NULL, "(585) 555-1336"),
(27, "Alice", "Brown", "ab1028@rit.edu", "2bd806c97f0e00af1a1fc3328fa763a9269723c8db8fac4f93af71db186d6e90", "sophomore", 2, "Business Administration", "2021-10-06", NULL, "(585) 555-1803"),
(28, "Charlie", "Martinez", "cm7956@rit.edu", "b9dd960c1753459a78115d3cb845a57d924b6877e805b08bd01086ccdf34433c", "junior", 3, "Business Administration", "2023-04-04", NULL, "(585) 555-5677"),
(29, "Charlie", "Martinez", "cm3860@rit.edu", "b9dd960c1753459a78115d3cb845a57d924b6877e805b08bd01086ccdf34433c", "sophomore", 2, "Business Administration", "2022-10-11", NULL, "(585) 555-6900"),
(30, "Evan", "Johnson", "ej2575@rit.edu", "ae74f72d212fb9871302a2459aeaf7b20bc2f792e4852be648a7d4e63967d9b1", "sophomore", 2, "Software Engineering", "2022-02-23", NULL, "(585) 555-7114"),
(31, "Hannah", "Martinez", "hm4326@rit.edu", "fc881aa34d44660e1012dec26ccda0b469d6c8359e91dc674dab4c095b9fe832", "freshman", 1, "Information Technology", "2021-03-17", NULL, "(585) 555-6548"),
(32, "Charlie", "Garcia", "cg2188@rit.edu", "b9dd960c1753459a78115d3cb845a57d924b6877e805b08bd01086ccdf34433c", "senior", 4, "Business Administration", "2024-05-23", NULL, "(585) 555-2084"),
(33, "Alice", "Johnson", "aj3201@rit.edu", "2bd806c97f0e00af1a1fc3328fa763a9269723c8db8fac4f93af71db186d6e90", "senior", 4, "Mechanical Engineering", "2022-02-14", NULL, "(585) 555-5247"),
(34, "Julia", "Smith", "js2331@rit.edu", "d277670919a94ba361be1887d39852c3f31d7eed817343cbb70fcd8910841f86", "freshman", 1, "Mechanical Engineering", "2021-07-17", NULL, "(585) 555-6870"),
(35, "Alice", "Brown", "ab6515@rit.edu", "2bd806c97f0e00af1a1fc3328fa763a9269723c8db8fac4f93af71db186d6e90", "sophomore", 2, "Biomedical Sciences", "2022-05-12", NULL, "(585) 555-6084"),
(36, "George", "Garcia", "gg9627@rit.edu", "0522a55e2d5f0993a3d66d28864b2862a7218a75ea7968b075333434404485c3", "freshman", 1, "Biomedical Sciences", "2023-05-15", NULL, "(585) 555-4491"),
(37, "Julia", "Smith", "js5422@rit.edu", "d277670919a94ba361be1887d39852c3f31d7eed817343cbb70fcd8910841f86", "sophomore", 2, "Business Administration", "2022-04-09", NULL, "(585) 555-8700"),
(38, "George", "Smith", "gs2590@rit.edu", "0522a55e2d5f0993a3d66d28864b2862a7218a75ea7968b075333434404485c3", "senior", 4, "Software Engineering", "2023-02-18", NULL, "(585) 555-5285"),
(39, "Hannah", "Johnson", "hj1703@rit.edu", "fc881aa34d44660e1012dec26ccda0b469d6c8359e91dc674dab4c095b9fe832", "junior", 3, "Software Engineering", "2023-05-08", NULL, "(585) 555-4098"),
(40, "Hannah", "Smith", "hs6629@rit.edu", "fc881aa34d44660e1012dec26ccda0b469d6c8359e91dc674dab4c095b9fe832", "freshman", 1, "Software Engineering", "2023-04-11", NULL, "(585) 555-8117"),
(41, "Julia", "Johnson", "jj1575@rit.edu", "d277670919a94ba361be1887d39852c3f31d7eed817343cbb70fcd8910841f86", "freshman", 1, "Business Administration", "2021-01-17", NULL, "(585) 555-6088"),
(42, "George", "Martinez", "gm8235@rit.edu", "0522a55e2d5f0993a3d66d28864b2862a7218a75ea7968b075333434404485c3", "freshman", 1, "Biomedical Sciences", "2024-12-05", NULL, "(585) 555-7324"),
(43, "Fiona", "Garcia", "fg9792@rit.edu", "4c0db82499ca9a6d65c396d1fbb8e77078e315bd8db0e9476a88cd244aa76ca6", "freshman", 1, "Software Engineering", "2024-02-03", NULL, "(585) 555-6773"),
(44, "Hannah", "Martinez", "hm3493@rit.edu", "fc881aa34d44660e1012dec26ccda0b469d6c8359e91dc674dab4c095b9fe832", "sophomore", 2, "Computer Science", "2021-12-03", NULL, "(585) 555-9529"),
(45, "Charlie", "Garcia", "cg6199@rit.edu", "b9dd960c1753459a78115d3cb845a57d924b6877e805b08bd01086ccdf34433c", "junior", 3, "Computer Science", "2023-02-03", NULL, "(585) 555-9186"),
(46, "Bob", "Johnson", "bj4981@rit.edu", "81b637d8fcd2c6da6359e6963113a1170de795e4b725b84d1e0b4cfd9ec58ce9", "junior", 3, "Biomedical Sciences", "2024-08-18", NULL, "(585) 555-5295"),
(47, "George", "Johnson", "gj8552@rit.edu", "0522a55e2d5f0993a3d66d28864b2862a7218a75ea7968b075333434404485c3", "freshman", 1, "Information Technology", "2023-01-28", NULL, "(585) 555-4166"),
(48, "Charlie", "Garcia", "cg7756@rit.edu", "b9dd960c1753459a78115d3cb845a57d924b6877e805b08bd01086ccdf34433c", "senior", 4, "Biomedical Sciences", "2022-10-21", NULL, "(585) 555-3124"),
(49, "Charlie", "Garcia", "cg2173@rit.edu", "b9dd960c1753459a78115d3cb845a57d924b6877e805b08bd01086ccdf34433c", "senior", 4, "Software Engineering", "2021-10-22", NULL, "(585) 555-3905"),
(50, "Hannah", "Garcia", "hg6564@rit.edu", "fc881aa34d44660e1012dec26ccda0b469d6c8359e91dc674dab4c095b9fe832", "sophomore", 2, "Information Technology", "2022-09-05", NULL, "(585) 555-9988"),
(51, "Evan", "Martinez", "em2688@rit.edu", "ae74f72d212fb9871302a2459aeaf7b20bc2f792e4852be648a7d4e63967d9b1", "senior", 4, "Information Technology", "2021-02-26", NULL, "(585) 555-7561"),
(52, "Hannah", "Martinez", "hm8247@rit.edu", "fc881aa34d44660e1012dec26ccda0b469d6c8359e91dc674dab4c095b9fe832", "junior", 3, "Computer Science", "2021-05-14", NULL, "(585) 555-2922"),
(53, "Ian", "Garcia", "ig7323@rit.edu", "b54a95127a4b573f41e335fdbd339dcc2208fbfb1ae0b6fab7599d6e2d6ec754", "senior", 4, "Software Engineering", "2022-11-08", NULL, "(585) 555-2062"),
(54, "Hannah", "Smith", "hs7664@rit.edu", "fc881aa34d44660e1012dec26ccda0b469d6c8359e91dc674dab4c095b9fe832", "freshman", 1, "Business Administration", "2022-07-10", NULL, "(585) 555-9700"),
(55, "Bob", "Brown", "bb8655@rit.edu", "81b637d8fcd2c6da6359e6963113a1170de795e4b725b84d1e0b4cfd9ec58ce9", "sophomore", 2, "Mechanical Engineering", "2024-08-05", NULL, "(585) 555-1422"),
(56, "Evan", "Smith", "es6993@rit.edu", "ae74f72d212fb9871302a2459aeaf7b20bc2f792e4852be648a7d4e63967d9b1", "junior", 3, "Mechanical Engineering", "2022-05-23", NULL, "(585) 555-9846"),
(57, "Evan", "Garcia", "eg7493@rit.edu", "ae74f72d212fb9871302a2459aeaf7b20bc2f792e4852be648a7d4e63967d9b1", "freshman", 1, "Computer Science", "2022-06-20", NULL, "(585) 555-5034"),
(58, "George", "Brown", "gb4053@rit.edu", "0522a55e2d5f0993a3d66d28864b2862a7218a75ea7968b075333434404485c3", "junior", 3, "Computer Science", "2021-06-10", NULL, "(585) 555-1793"),
(59, "Alice", "Martinez", "am9562@rit.edu", "2bd806c97f0e00af1a1fc3328fa763a9269723c8db8fac4f93af71db186d6e90", "senior", 4, "Business Administration", "2021-09-13", NULL, "(585) 555-1107"),
(60, "Bob", "Smith", "bs2702@rit.edu", "81b637d8fcd2c6da6359e6963113a1170de795e4b725b84d1e0b4cfd9ec58ce9", "freshman", 1, "Information Technology", "2022-08-03", NULL, "(585) 555-3412"),
(61, "Ian", "Johnson", "ij5195@rit.edu", "b54a95127a4b573f41e335fdbd339dcc2208fbfb1ae0b6fab7599d6e2d6ec754", "junior", 3, "Computer Science", "2022-01-28", NULL, "(585) 555-4416"),
(62, "Diana", "Brown", "db8416@rit.edu", "1b2fc9341a16ae4e30082965d537ae47c21a0f27fd43eab78330ed81751ae6db", "sophomore", 2, "Software Engineering", "2023-05-02", NULL, "(585) 555-4212"),
(63, "Julia", "Johnson", "jj9335@rit.edu", "d277670919a94ba361be1887d39852c3f31d7eed817343cbb70fcd8910841f86", "sophomore", 2, "Software Engineering", "2021-08-04", NULL, "(585) 555-7262"),
(64, "Hannah", "Johnson", "hj2473@rit.edu", "fc881aa34d44660e1012dec26ccda0b469d6c8359e91dc674dab4c095b9fe832", "sophomore", 2, "Business Administration", "2021-07-08", NULL, "(585) 555-9064"),
(65, "Fiona", "Smith", "fs1455@rit.edu", "4c0db82499ca9a6d65c396d1fbb8e77078e315bd8db0e9476a88cd244aa76ca6", "junior", 3, "Business Administration", "2024-11-19", NULL, "(585) 555-7544"),
(66, "Charlie", "Brown", "cb8339@rit.edu", "b9dd960c1753459a78115d3cb845a57d924b6877e805b08bd01086ccdf34433c", "junior", 3, "Computer Science", "2021-05-23", NULL, "(585) 555-4269"),
(67, "George", "Brown", "gb8412@rit.edu", "0522a55e2d5f0993a3d66d28864b2862a7218a75ea7968b075333434404485c3", "junior", 3, "Software Engineering", "2021-11-14", NULL, "(585) 555-5308"),
(68, "Julia", "Johnson", "jj5748@rit.edu", "d277670919a94ba361be1887d39852c3f31d7eed817343cbb70fcd8910841f86", "junior", 3, "Biomedical Sciences", "2024-05-21", NULL, "(585) 555-2604"),
(69, "Fiona", "Martinez", "fm1850@rit.edu", "4c0db82499ca9a6d65c396d1fbb8e77078e315bd8db0e9476a88cd244aa76ca6", "senior", 4, "Business Administration", "2021-11-12", NULL, "(585) 555-4979"),
(70, "Fiona", "Martinez", "fm7046@rit.edu", "4c0db82499ca9a6d65c396d1fbb8e77078e315bd8db0e9476a88cd244aa76ca6", "junior", 3, "Information Technology", "2023-01-11", NULL, "(585) 555-2951"),
(71, "Fiona", "Garcia", "fg2828@rit.edu", "4c0db82499ca9a6d65c396d1fbb8e77078e315bd8db0e9476a88cd244aa76ca6", "senior", 4, "Information Technology", "2021-08-23", NULL, "(585) 555-4365"),
(72, "Evan", "Martinez", "em1254@rit.edu", "ae74f72d212fb9871302a2459aeaf7b20bc2f792e4852be648a7d4e63967d9b1", "sophomore", 2, "Biomedical Sciences", "2022-07-05", NULL, "(585) 555-8701"),
(73, "Alice", "Smith", "as2928@rit.edu", "2bd806c97f0e00af1a1fc3328fa763a9269723c8db8fac4f93af71db186d6e90", "freshman", 1, "Software Engineering", "2023-09-23", NULL, "(585) 555-2539"),
(74, "George", "Martinez", "gm6376@rit.edu", "0522a55e2d5f0993a3d66d28864b2862a7218a75ea7968b075333434404485c3", "freshman", 1, "Biomedical Sciences", "2021-04-16", NULL, "(585) 555-8552"),
(75, "Bob", "Smith", "bs1859@rit.edu", "81b637d8fcd2c6da6359e6963113a1170de795e4b725b84d1e0b4cfd9ec58ce9", "sophomore", 2, "Information Technology", "2023-04-23", NULL, "(585) 555-6223"),
(76, "Ian", "Martinez", "im4211@rit.edu", "b54a95127a4b573f41e335fdbd339dcc2208fbfb1ae0b6fab7599d6e2d6ec754", "junior", 3, "Information Technology", "2023-12-14", NULL, "(585) 555-3503"),
(77, "Charlie", "Johnson", "cj9510@rit.edu", "b9dd960c1753459a78115d3cb845a57d924b6877e805b08bd01086ccdf34433c", "junior", 3, "Biomedical Sciences", "2024-08-27", NULL, "(585) 555-8265"),
(78, "Diana", "Martinez", "dm6894@rit.edu", "1b2fc9341a16ae4e30082965d537ae47c21a0f27fd43eab78330ed81751ae6db", "sophomore", 2, "Software Engineering", "2021-06-09", NULL, "(585) 555-4504"),
(79, "Charlie", "Smith", "cs9175@rit.edu", "b9dd960c1753459a78115d3cb845a57d924b6877e805b08bd01086ccdf34433c", "sophomore", 2, "Computer Science", "2023-05-13", NULL, "(585) 555-6816"),
(80, "George", "Johnson", "gj5872@rit.edu", "0522a55e2d5f0993a3d66d28864b2862a7218a75ea7968b075333434404485c3", "sophomore", 2, "Business Administration", "2022-11-28", NULL, "(585) 555-3466"),
(81, "Diana", "Johnson", "dj3152@rit.edu", "1b2fc9341a16ae4e30082965d537ae47c21a0f27fd43eab78330ed81751ae6db", "sophomore", 2, "Information Technology", "2023-01-11", NULL, "(585) 555-8661"),
(82, "Hannah", "Garcia", "hg2860@rit.edu", "fc881aa34d44660e1012dec26ccda0b469d6c8359e91dc674dab4c095b9fe832", "senior", 4, "Computer Science", "2024-02-26", NULL, "(585) 555-2229"),
(83, "Julia", "Brown", "jb9797@rit.edu", "d277670919a94ba361be1887d39852c3f31d7eed817343cbb70fcd8910841f86", "sophomore", 2, "Computer Science", "2021-01-15", NULL, "(585) 555-8810"),
(84, "Hannah", "Johnson", "hj3962@rit.edu", "fc881aa34d44660e1012dec26ccda0b469d6c8359e91dc674dab4c095b9fe832", "sophomore", 2, "Software Engineering", "2022-05-02", NULL, "(585) 555-1218"),
(85, "Evan", "Johnson", "ej8754@rit.edu", "ae74f72d212fb9871302a2459aeaf7b20bc2f792e4852be648a7d4e63967d9b1", "senior", 4, "Software Engineering", "2021-04-22", NULL, "(585) 555-6746"),
(86, "Diana", "Smith", "ds6989@rit.edu", "1b2fc9341a16ae4e30082965d537ae47c21a0f27fd43eab78330ed81751ae6db", "sophomore", 2, "Biomedical Sciences", "2023-08-07", NULL, "(585) 555-7544"),
(87, "Evan", "Garcia", "eg2276@rit.edu", "ae74f72d212fb9871302a2459aeaf7b20bc2f792e4852be648a7d4e63967d9b1", "junior", 3, "Computer Science", "2023-08-21", NULL, "(585) 555-5921"),
(88, "Ian", "Garcia", "ig8786@rit.edu", "b54a95127a4b573f41e335fdbd339dcc2208fbfb1ae0b6fab7599d6e2d6ec754", "sophomore", 2, "Biomedical Sciences", "2021-01-19", NULL, "(585) 555-1960"),
(89, "Fiona", "Brown", "fb8996@rit.edu", "4c0db82499ca9a6d65c396d1fbb8e77078e315bd8db0e9476a88cd244aa76ca6", "sophomore", 2, "Computer Science", "2024-07-09", NULL, "(585) 555-5682"),
(90, "Hannah", "Brown", "hb3231@rit.edu", "fc881aa34d44660e1012dec26ccda0b469d6c8359e91dc674dab4c095b9fe832", "freshman", 1, "Mechanical Engineering", "2023-02-18", NULL, "(585) 555-1050"),
(91, "Ian", "Johnson", "ij8713@rit.edu", "b54a95127a4b573f41e335fdbd339dcc2208fbfb1ae0b6fab7599d6e2d6ec754", "sophomore", 2, "Mechanical Engineering", "2023-10-25", NULL, "(585) 555-1831"),
(92, "Hannah", "Smith", "hs8389@rit.edu", "fc881aa34d44660e1012dec26ccda0b469d6c8359e91dc674dab4c095b9fe832", "freshman", 1, "Mechanical Engineering", "2021-08-23", NULL, "(585) 555-7327"),
(93, "Evan", "Brown", "eb3460@rit.edu", "ae74f72d212fb9871302a2459aeaf7b20bc2f792e4852be648a7d4e63967d9b1", "freshman", 1, "Computer Science", "2023-03-01", NULL, "(585) 555-3698"),
(94, "Bob", "Johnson", "bj7261@rit.edu", "81b637d8fcd2c6da6359e6963113a1170de795e4b725b84d1e0b4cfd9ec58ce9", "senior", 4, "Information Technology", "2022-09-05", NULL, "(585) 555-7151"),
(95, "Fiona", "Smith", "fs6205@rit.edu", "4c0db82499ca9a6d65c396d1fbb8e77078e315bd8db0e9476a88cd244aa76ca6", "freshman", 1, "Business Administration", "2022-03-14", NULL, "(585) 555-7311"),
(96, "Diana", "Martinez", "dm4293@rit.edu", "1b2fc9341a16ae4e30082965d537ae47c21a0f27fd43eab78330ed81751ae6db", "junior", 3, "Software Engineering", "2022-05-25", NULL, "(585) 555-1183"),
(97, "Hannah", "Johnson", "hj7241@rit.edu", "fc881aa34d44660e1012dec26ccda0b469d6c8359e91dc674dab4c095b9fe832", "sophomore", 2, "Business Administration", "2021-04-05", NULL, "(585) 555-1671"),
(98, "Julia", "Garcia", "jg9834@rit.edu", "d277670919a94ba361be1887d39852c3f31d7eed817343cbb70fcd8910841f86", "senior", 4, "Software Engineering", "2023-10-02", NULL, "(585) 555-9602"),
(99, "George", "Brown", "gb4203@rit.edu", "0522a55e2d5f0993a3d66d28864b2862a7218a75ea7968b075333434404485c3", "senior", 4, "Computer Science", "2021-06-13", NULL, "(585) 555-5276"),
(100, "Fiona", "Martinez", "fm4320@rit.edu", "4c0db82499ca9a6d65c396d1fbb8e77078e315bd8db0e9476a88cd244aa76ca6", "junior", 3, "Mechanical Engineering", "2022-06-23", NULL, "(585) 555-7093");



-- TABLE TUTOR
CREATE TABLE tutors (
    id INT NOT NULL AUTO_INCREMENT,
    first_name VARCHAR(100) NOT NULL,
    last_name VARCHAR(100) NOT NULL,
    email_address VARCHAR(100) NOT NULL,
    password CHAR(64) NOT NULL,
    status ENUM("inactive", "active") NULL,
    date_hired DATETIME NULL DEFAULT CURRENT_TIMESTAMP,
    image TEXT NULL,
    phone VARCHAR(20) NULL,
    PRIMARY KEY (id)
);

INSERT INTO tutors (id, first_name, last_name, email_address, password, status, date_hired, image, phone) VALUES
(1, "Alice", "Johnson", "aj4823@rit.edu", "2bd806c97f0e00af1a1fc3328fa763a9269723c8db8fac4f93af71db186d6e90", "active", "2023-01-10", NULL, "(585) 555-1010"),
(2, "Bob", "Smith", "bs2369@rit.edu", "81b637d8fcd2c6da6359e6963113a1170de795e4b725b84d1e0b4cfd9ec58ce9", "active", "2023-02-15", NULL, "(585) 555-2020"),
(3, "Charlie", "Nguyen", "cn5930@rit.edu", "b9dd960c1753459a78115d3cb845a57d924b6877e805b08bd01086ccdf34433c", "inactive", "2022-11-03", NULL, "(585) 555-3030"),
(4, "Diana", "Lopez", "dl2942@rit.edu", "1b2fc9341a16ae4e30082965d537ae47c21a0f27fd43eab78330ed81751ae6db", "active", "2024-03-12", NULL, "(585) 555-4040"),
(5, "Evan", "Martinez", "em2130@rit.edu", "ae74f72d212fb9871302a2459aeaf7b20bc2f792e4852be648a7d4e63967d9b1", "active", "2023-07-18", NULL, "(585) 555-5050"),
(6, "Fiona", "Garcia", "fg8894@rit.edu", "4c0db82499ca9a6d65c396d1fbb8e77078e315bd8db0e9476a88cd244aa76ca6", "inactive", "2022-09-27", NULL, "(585) 555-6060"),
(7, "George", "Brown", "gb2888@rit.edu", "0522a55e2d5f0993a3d66d28864b2862a7218a75ea7968b075333434404485c3", "active", "2023-05-22", NULL, "(585) 555-7070"),
(8, "Hannah", "Davis", "hd7924@rit.edu", "fc881aa34d44660e1012dec26ccda0b469d6c8359e91dc674dab4c095b9fe832", "active", "2024-01-08", NULL, "(585) 555-8080"),
(9, "Ian", "Miller", "im2874@rit.edu", "b54a95127a4b573f41e335fdbd339dcc2208fbfb1ae0b6fab7599d6e2d6ec754", "inactive", "2021-12-19", NULL, "(585) 555-9090"),
(10, "Julia", "Wilson", "jw1050@rit.edu", "d277670919a94ba361be1887d39852c3f31d7eed817343cbb70fcd8910841f86", "active", "2023-04-05", NULL, "(585) 555-0001");



-- TABLE SUBJECT
CREATE TABLE subjects (
    id INT NOT NULL AUTO_INCREMENT,
    name VARCHAR(100) NOT NULL,
    department VARCHAR(100) NOT NULL,
    professor VARCHAR(100) NOT NULL,
    credits INT NOT NULL,
    term ENUM("fall", "spring") NOT NULL,
    PRIMARY KEY (id)
);

INSERT INTO subjects (id, name, department, professor, credits, term) VALUES
(1, "Intro to Computer Science", "Computer Science", "Dr. Alice Johnson", 4, "fall"),
(2, "Data Structures", "Computer Science", "Dr. Bob Smith", 4, "spring"),
(3, "Software Engineering Principles", "Software Engineering", "Dr. Charlie Nguyen", 3, "fall"),
(4, "Database Systems", "Information Technology", "Dr. Diana Lopez", 3, "spring"),
(5, "Networking Fundamentals", "Information Technology", "Dr. Evan Martinez", 3, "fall"),
(6, "Mechanical Design", "Mechanical Engineering", "Dr. Fiona Garcia", 4, "spring"),
(7, "Thermodynamics", "Mechanical Engineering", "Dr. George Brown", 3, "fall"),
(8, "Business Management", "Business Administration", "Dr. Hannah Davis", 3, "spring"),
(9, "Marketing Principles", "Business Administration", "Dr. Ian Miller", 3, "fall"),
(10, "Finance and Accounting", "Business Administration", "Dr. Julia Wilson", 3, "spring"),
(11, "Biomedical Lab Techniques", "Biomedical Sciences", "Dr. Kevin Lee", 3, "fall"),
(12, "Human Anatomy", "Biomedical Sciences", "Dr. Laura Smith", 4, "spring"),
(13, "Operating Systems", "Computer Science", "Dr. Michael Johnson", 4, "fall"),
(14, "Algorithms", "Computer Science", "Dr. Nicole Martinez", 4, "spring"),
(15, "Software Testing", "Software Engineering", "Dr. Oliver Brown", 3, "fall"),
(16, "Web Development", "Information Technology", "Dr. Patricia Davis", 3, "spring"),
(17, "Manufacturing Processes", "Mechanical Engineering", "Dr. Quentin Lee", 3, "fall"),
(18, "Engineering Materials", "Mechanical Engineering", "Dr. Rachel Miller", 3, "spring"),
(19, "Entrepreneurship", "Business Administration", "Dr. Steven White", 3, "fall"),
(20, "Organizational Behavior", "Business Administration", "Dr. Teresa Wilson", 3, "spring"),
(21, "Genetics", "Biomedical Sciences", "Dr. Alice Nguyen", 4, "fall"),
(22, "Biochemistry", "Biomedical Sciences", "Dr. Bob Martinez", 4, "spring"),
(23, "Mobile App Development", "Software Engineering", "Dr. Charlie Lopez", 3, "fall"),
(24, "Cybersecurity", "Information Technology", "Dr. Diana Johnson", 3, "spring"),
(25, "Capstone Design Project", "Mechanical Engineering", "Dr. Evan Brown", 4, "fall");



-- TABLE assignments
CREATE TABLE assignments (
    tutor_id INT NOT NULL,
    subject_id INT NOT NULL,
    proficiency ENUM("beginner", "intermediate", "expert") NOT NULL,
    PRIMARY KEY (tutor_id, subject_id),
    FOREIGN KEY (tutor_id) REFERENCES tutors (id)
        ON UPDATE CASCADE
        ON DELETE CASCADE,
    FOREIGN KEY (subject_id) REFERENCES subjects (id)
        ON UPDATE CASCADE
        ON DELETE CASCADE
);

INSERT INTO assignments (tutor_id, subject_id, proficiency) VALUES
(1, 1, "expert"),
(2, 2, "intermediate"),
(3, 3, "beginner"),
(4, 4, "expert"),
(5, 5, "intermediate"),
(6, 6, "beginner"),
(7, 7, "expert"),
(8, 8, "intermediate"),
(9, 9, "beginner"),
(10, 10, "expert"),
(1, 11, "intermediate"),
(2, 12, "beginner"),
(3, 13, "expert"),
(4, 14, "intermediate"),
(5, 15, "beginner"),
(6, 16, "expert"),
(7, 17, "intermediate"),
(8, 18, "beginner"),
(9, 19, "expert"),
(10, 20, "intermediate"),
(1, 21, "beginner"),
(2, 22, "expert"),
(3, 23, "intermediate"),
(4, 24, "beginner"),
(5, 25, "expert"),
(6, 1, "intermediate"),
(7, 2, "beginner"),
(8, 3, "expert"),
(9, 4, "intermediate"),
(10, 5, "beginner"),
(1, 6, "expert"),
(2, 7, "intermediate"),
(3, 8, "beginner"),
(4, 9, "expert"),
(5, 10, "intermediate"),
(6, 11, "beginner"),
(7, 12, "expert"),
(8, 13, "intermediate"),
(9, 14, "beginner"),
(10, 15, "expert"),
(1, 16, "intermediate"),
(2, 17, "beginner"),
(3, 18, "expert"),
(4, 19, "intermediate"),
(5, 20, "beginner"),
(6, 21, "expert"),
(7, 22, "intermediate"),
(8, 23, "beginner"),
(9, 24, "expert"),
(10, 25, "intermediate");



-- TABLE ROOM
CREATE TABLE rooms (
    id INT NOT NULL AUTO_INCREMENT,
    room_number CHAR(7) NOT NULL,
    building VARCHAR(50) NOT NULL,
    capacity INT NOT NULL,
    PRIMARY KEY (id)
);

INSERT INTO rooms (id, room_number, building, capacity) VALUES
(1, "101", "Gleason Hall", 30),
(2, "102", "Gleason Hall", 35),
(3, "201", "Bausch & Lomb Center", 25),
(4, "202", "Bausch & Lomb Center", 40),
(5, "301", "Gleason Hall", 50),
(6, "302", "Gleason Hall", 45),
(7, "103", "James E. Booth Hall", 30),
(8, "104", "James E. Booth Hall", 35),
(9, "205", "Naegele Hall", 40),
(10, "206", "Naegele Hall", 30),
(11, "107", "Gleason Hall", 25),
(12, "108", "Bausch & Lomb Center", 30),
(13, "207", "James E. Booth Hall", 40),
(14, "208", "James E. Booth Hall", 35),
(15, "109", "Naegele Hall", 30),
(16, "110", "Naegele Hall", 25),
(17, "309", "Gleason Hall", 50),
(18, "310", "Gleason Hall", 45),
(19, "111", "Bausch & Lomb Center", 30),
(20, "112", "Bausch & Lomb Center", 35),
(21, "211", "James E. Booth Hall", 40),
(22, "212", "James E. Booth Hall", 30),
(23, "113", "Naegele Hall", 25),
(24, "114", "Gleason Hall", 30),
(25, "315", "Bausch & Lomb Center", 40);



-- TABLE SESSION
CREATE TABLE sessions (
    id INT NOT NULL AUTO_INCREMENT,
    student_id INT NOT NULL,
    tutor_id INT NOT NULL,
    subject_id INT NOT NULL,
    room_id INT NOT NULL,
    date_scheduled DATETIME NULL DEFAULT CURRENT_TIMESTAMP,
    status ENUM("tba", "no-show", "cancelled", "scheduled", "completed") NULL DEFAULT "tba",
    time_start DATETIME NOT NULL DEFAULT CURRENT_TIMESTAMP,
    time_end DATETIME NOT NULL DEFAULT CURRENT_TIMESTAMP,
    PRIMARY KEY (id),
    FOREIGN KEY (student_id) REFERENCES students (id)
        ON UPDATE CASCADE
        ON DELETE CASCADE,
    FOREIGN KEY (tutor_id) REFERENCES tutors (id)
        ON UPDATE CASCADE
        ON DELETE CASCADE,
    FOREIGN KEY (subject_id) REFERENCES subjects (id)
        ON UPDATE CASCADE
        ON DELETE CASCADE,
    FOREIGN KEY (room_id) REFERENCES rooms (id)
        ON UPDATE CASCADE
        ON DELETE CASCADE
);

INSERT INTO sessions (id, student_id, tutor_id, subject_id, room_id, date_scheduled, status, time_start, time_end) VALUES
(1, 95, 1, 22, 20, "2023-05-19", "Scheduled", "10:00:00", "12:00:00"),
(2, 28, 6, 20, 13, "2023-05-22", "Cancelled", "12:00:00", "14:00:00"),
(3, 56, 9, 6, 21, "2025-08-07", "Cancelled", "14:00:00", "16:00:00"),
(4, 76, 8, 24, 1, "2025-12-20", "Completed", "11:00:00", "13:00:00"),
(5, 85, 1, 20, 22, "2023-10-04", "No-Show", "13:00:00", "15:00:00"),
(6, 50, 7, 11, 25, "2025-09-24", "No-Show", "13:00:00", "15:00:00"),
(7, 82, 3, 16, 10, "2025-03-27", "Completed", "10:00:00", "12:00:00"),
(8, 77, 4, 5, 18, "2023-03-16", "Completed", "12:00:00", "14:00:00"),
(9, 53, 6, 19, 12, "2024-08-03", "Completed", "16:00:00", "18:00:00"),
(10, 20, 10, 2, 8, "2023-08-21", "Cancelled", "12:00:00", "14:00:00"),
(11, 74, 2, 24, 25, "2024-10-03", "Cancelled", "14:00:00", "16:00:00"),
(12, 50, 7, 19, 16, "2023-02-09", "No-Show", "15:00:00", "17:00:00"),
(13, 90, 5, 17, 25, "2024-06-04", "No-Show", "13:00:00", "15:00:00"),
(14, 62, 6, 16, 10, "2025-12-12", "Scheduled", "10:00:00", "12:00:00"),
(15, 7, 3, 18, 1, "2025-02-05", "No-Show", "15:00:00", "17:00:00"),
(16, 15, 4, 1, 4, "2025-10-08", "Completed", "14:00:00", "16:00:00"),
(17, 33, 5, 5, 11, "2024-09-18", "No-Show", "16:00:00", "18:00:00"),
(18, 74, 3, 17, 5, "2024-02-19", "Cancelled", "15:00:00", "17:00:00"),
(19, 77, 1, 19, 1, "2024-02-15", "Completed", "15:00:00", "17:00:00"),
(20, 68, 1, 17, 12, "2024-04-06", "Cancelled", "14:00:00", "16:00:00"),
(21, 45, 1, 7, 21, "2025-08-06", "Completed", "15:00:00", "17:00:00"),
(22, 41, 1, 11, 8, "2023-03-01", "Completed", "11:00:00", "13:00:00"),
(23, 21, 2, 21, 20, "2024-10-23", "Cancelled", "13:00:00", "15:00:00"),
(24, 18, 7, 3, 1, "2023-05-17", "No-Show", "14:00:00", "16:00:00"),
(25, 99, 5, 20, 5, "2024-02-22", "No-Show", "12:00:00", "14:00:00"),
(26, 29, 1, 23, 10, "2025-09-17", "Cancelled", "10:00:00", "12:00:00"),
(27, 91, 8, 21, 14, "2025-08-20", "Cancelled", "16:00:00", "18:00:00"),
(28, 45, 2, 21, 18, "2023-06-16", "Completed", "11:00:00", "13:00:00"),
(29, 78, 6, 2, 19, "2023-11-22", "Completed", "14:00:00", "16:00:00"),
(30, 20, 9, 18, 3, "2024-09-24", "Completed", "10:00:00", "12:00:00"),
(31, 95, 10, 12, 5, "2023-04-20", "No-Show", "11:00:00", "13:00:00"),
(32, 4, 9, 13, 15, "2024-01-28", "Completed", "16:00:00", "18:00:00"),
(33, 88, 8, 11, 19, "2024-09-16", "Scheduled", "11:00:00", "13:00:00"),
(34, 52, 5, 16, 6, "2023-02-06", "Completed", "10:00:00", "12:00:00"),
(35, 11, 5, 19, 25, "2025-12-11", "No-Show", "16:00:00", "18:00:00"),
(36, 21, 8, 3, 10, "2024-07-16", "Completed", "15:00:00", "17:00:00"),
(37, 16, 6, 7, 18, "2024-01-27", "Completed", "12:00:00", "14:00:00"),
(38, 74, 9, 8, 24, "2024-06-16", "Scheduled", "10:00:00", "12:00:00"),
(39, 51, 3, 3, 5, "2025-08-16", "No-Show", "12:00:00", "14:00:00"),
(40, 20, 9, 19, 24, "2024-04-24", "Scheduled", "12:00:00", "14:00:00"),
(41, 61, 3, 9, 13, "2025-08-21", "Cancelled", "14:00:00", "16:00:00"),
(42, 27, 6, 12, 9, "2025-01-08", "Cancelled", "14:00:00", "16:00:00"),
(43, 4, 2, 24, 15, "2024-01-21", "No-Show", "14:00:00", "16:00:00"),
(44, 11, 9, 9, 14, "2025-02-04", "Scheduled", "15:00:00", "17:00:00"),
(45, 73, 7, 4, 25, "2023-10-19", "No-Show", "16:00:00", "18:00:00"),
(46, 84, 1, 5, 21, "2024-12-04", "No-Show", "11:00:00", "13:00:00"),
(47, 91, 1, 16, 3, "2023-12-24", "Cancelled", "10:00:00", "12:00:00"),
(48, 80, 5, 8, 7, "2024-10-07", "No-Show", "10:00:00", "12:00:00"),
(49, 44, 4, 6, 21, "2024-09-24", "No-Show", "10:45:00", "12:00:00"),
(50, 89, 6, 3, 24, "2024-06-02", "No-Show", "10:45:00", "12:00:00"),
(51, 62, 3, 7, 20, "2025-08-04", "Cancelled", "12:00:00", "14:00:00"),
(52, 93, 5, 3, 2, "2025-11-13", "Scheduled", "16:00:00", "18:00:00"),
(53, 44, 5, 16, 24, "2023-04-16", "Cancelled", "12:00:00", "14:00:00"),
(54, 45, 3, 5, 15, "2025-03-13", "Completed", "11:00:00", "13:00:00"),
(55, 10, 7, 16, 19, "2023-07-26", "Completed", "15:00:00", "17:00:00"),
(56, 54, 1, 8, 23, "2025-05-27", "No-Show", "13:00:00", "15:00:00"),
(57, 44, 1, 14, 17, "2024-02-03", "Completed", "13:00:00", "15:00:00"),
(58, 31, 4, 17, 2, "2024-09-04", "Scheduled", "16:00:00", "18:00:00"),
(59, 85, 7, 8, 20, "2023-06-01", "Cancelled", "13:00:00", "15:00:00"),
(60, 16, 10, 13, 16, "2025-05-26", "No-Show", "10:00:00", "12:00:00"),
(61, 59, 1, 25, 14, "2023-10-28", "Scheduled", "16:00:00", "18:00:00"),
(62, 67, 4, 15, 24, "2023-11-13", "Completed", "12:00:00", "14:00:00"),
(63, 65, 2, 15, 21, "2024-06-10", "No-Show", "16:00:00", "18:00:00"),
(64, 5, 4, 6, 11, "2023-11-05", "Cancelled", "16:00:00", "18:00:00"),
(65, 93, 7, 11, 1, "2023-12-22", "Completed", "15:00:00", "17:00:00"),
(66, 89, 5, 24, 24, "2023-04-17", "No-Show", "12:00:00", "14:00:00"),
(67, 82, 6, 19, 23, "2023-02-27", "Scheduled", "15:00:00", "17:00:00"),
(68, 74, 10, 24, 13, "2025-08-27", "Cancelled", "16:00:00", "18:00:00"),
(69, 4, 6, 24, 1, "2025-03-15", "Completed", "10:00:00", "12:00:00"),
(70, 80, 5, 19, 22, "2023-10-14", "Completed", "11:00:00", "13:00:00"),
(71, 91, 1, 21, 16, "2024-04-06", "Scheduled", "15:00:00", "17:00:00"),
(72, 31, 10, 2, 9, "2023-03-13", "Completed", "14:00:00", "16:00:00"),
(73, 71, 8, 17, 2, "2023-02-05", "Scheduled", "14:00:00", "16:00:00"),
(74, 51, 3, 11, 4, "2025-06-11", "No-Show", "12:00:00", "14:00:00"),
(75, 35, 10, 2, 12, "2025-03-26", "Completed", "10:00:00", "12:00:00"),
(76, 49, 5, 7, 17, "2025-02-09", "Completed", "12:00:00", "14:00:00"),
(77, 66, 6, 15, 1, "2025-08-03", "Cancelled", "11:00:00", "13:00:00"),
(78, 22, 1, 10, 25, "2025-03-06", "Scheduled", "13:00:00", "15:00:00"),
(79, 57, 8, 5, 11, "2024-02-01", "Scheduled", "14:00:00", "16:00:00"),
(80, 53, 4, 25, 8, "2024-09-21", "No-Show", "13:00:00", "15:00:00"),
(81, 38, 2, 20, 25, "2025-06-24", "Scheduled", "12:00:00", "14:00:00"),
(82, 65, 9, 6, 3, "2023-06-08", "No-Show", "15:00:00", "17:00:00"),
(83, 49, 10, 14, 20, "2025-03-02", "No-Show", "13:00:00", "15:00:00"),
(84, 42, 7, 10, 20, "2024-03-04", "Scheduled", "12:00:00", "14:00:00"),
(85, 29, 7, 7, 23, "2023-06-07", "Scheduled", "14:00:00", "16:00:00"),
(86, 78, 7, 1, 7, "2025-05-09", "No-Show", "11:00:00", "13:00:00"),
(87, 34, 3, 20, 23, "2025-05-04", "No-Show", "14:00:00", "16:00:00"),
(88, 29, 9, 10, 15, "2025-03-02", "Scheduled", "10:00:00", "12:00:00"),
(89, 8, 1, 3, 22, "2023-03-22", "Scheduled", "16:00:00", "18:00:00"),
(90, 37, 2, 16, 1, "2023-05-01", "Scheduled", "13:00:00", "15:00:00"),
(91, 87, 2, 24, 5, "2025-04-09", "Cancelled", "16:00:00", "18:00:00"),
(92, 28, 1, 5, 10, "2023-12-24", "Cancelled", "16:00:00", "18:00:00"),
(93, 66, 3, 24, 12, "2024-06-11", "No-Show", "16:00:00", "18:00:00"),
(94, 79, 1, 15, 18, "2024-12-07", "Completed", "15:00:00", "17:00:00"),
(95, 75, 5, 7, 24, "2025-03-26", "Scheduled", "10:00:00", "12:00:00"),
(96, 11, 8, 18, 4, "2025-12-01", "Scheduled", "16:00:00", "18:00:00"),
(97, 30, 10, 24, 20, "2025-12-24", "No-Show", "15:00:00", "17:00:00"),
(98, 30, 6, 1, 15, "2023-11-04", "Scheduled", "11:00:00", "13:00:00"),
(99, 52, 4, 24, 4, "2024-07-12", "Cancelled", "10:45:00", "12:00:00"),
(100, 54, 3, 11, 13, "2025-12-20", "Completed", "12:00:00", "14:00:00"),
(101, 29, 9, 10, 15, "2024-03-09", "Cancelled", "13:00:00", "15:00:00"),
(102, 49, 10, 22, 1, "2024-11-01", "Cancelled", "10:00:00", "12:00:00"),
(103, 92, 3, 12, 7, "2023-02-14", "Completed", "15:00:00", "17:00:00"),
(104, 85, 10, 13, 3, "2024-08-22", "Completed", "10:00:00", "12:00:00"),
(105, 69, 6, 2, 15, "2024-06-20", "Scheduled", "16:00:00", "18:00:00"),
(106, 14, 4, 18, 24, "2024-05-06", "Cancelled", "13:00:00", "15:00:00"),
(107, 86, 8, 16, 22, "2025-08-28", "Scheduled", "16:00:00", "18:00:00"),
(108, 36, 3, 15, 4, "2024-02-15", "Completed", "10:00:00", "12:00:00"),
(109, 65, 3, 10, 7, "2023-01-26", "Completed", "13:00:00", "15:00:00"),
(110, 8, 3, 8, 13, "2025-07-25", "Cancelled", "13:00:00", "15:00:00"),
(111, 15, 6, 25, 24, "2023-04-07", "Completed", "12:00:00", "14:00:00"),
(112, 50, 3, 9, 25, "2025-01-21", "No-Show", "14:00:00", "16:00:00"),
(113, 82, 1, 1, 13, "2025-04-12", "Cancelled", "13:00:00", "15:00:00"),
(114, 9, 7, 6, 21, "2024-09-20", "Completed", "12:00:00", "14:00:00"),
(115, 74, 2, 4, 10, "2024-12-28", "Completed", "15:00:00", "17:00:00"),
(116, 6, 5, 19, 1, "2023-06-05", "Scheduled", "13:00:00", "15:00:00"),
(117, 19, 4, 15, 13, "2023-10-02", "Scheduled", "15:00:00", "17:00:00"),
(118, 31, 3, 18, 13, "2023-11-15", "Cancelled", "16:00:00", "18:00:00"),
(119, 7, 4, 9, 20, "2024-07-21", "Cancelled", "15:00:00", "17:00:00"),
(120, 98, 7, 18, 19, "2024-09-28", "Completed", "13:00:00", "15:00:00"),
(121, 7, 7, 25, 20, "2024-12-25", "Cancelled", "11:00:00", "13:00:00"),
(122, 3, 7, 11, 4, "2023-05-28", "Scheduled", "16:00:00", "18:00:00"),
(123, 67, 7, 14, 24, "2025-10-21", "Completed", "16:00:00", "18:00:00"),
(124, 87, 2, 13, 7, "2023-09-05", "No-Show", "14:00:00", "16:00:00"),
(125, 94, 1, 12, 13, "2025-03-03", "Cancelled", "13:00:00", "15:00:00"),
(126, 31, 5, 24, 18, "2023-02-04", "Scheduled", "11:00:00", "13:00:00"),
(127, 48, 3, 17, 3, "2025-03-08", "No-Show", "10:00:00", "12:00:00"),
(128, 38, 3, 15, 7, "2025-02-27", "Completed", "14:00:00", "16:00:00"),
(129, 11, 5, 20, 13, "2025-07-04", "Scheduled", "14:00:00", "16:00:00"),
(130, 33, 3, 3, 22, "2023-02-24", "No-Show", "16:00:00", "18:00:00"),
(131, 93, 10, 16, 18, "2024-08-07", "Cancelled", "16:00:00", "18:00:00"),
(132, 41, 5, 24, 23, "2023-09-23", "Cancelled", "16:00:00", "18:00:00"),
(133, 3, 10, 5, 2, "2024-03-22", "Cancelled", "14:00:00", "16:00:00"),
(134, 18, 2, 19, 19, "2025-07-19", "Scheduled", "12:00:00", "14:00:00"),
(135, 70, 2, 20, 12, "2024-02-19", "Cancelled", "16:00:00", "18:00:00"),
(136, 79, 1, 9, 4, "2023-09-10", "Cancelled", "10:00:00", "12:00:00"),
(137, 96, 6, 17, 12, "2024-11-28", "Cancelled", "12:00:00", "14:00:00"),
(138, 96, 9, 24, 4, "2024-10-24", "Scheduled", "13:00:00", "15:00:00"),
(139, 67, 6, 22, 21, "2025-12-09", "No-Show", "12:00:00", "14:00:00"),
(140, 41, 3, 17, 3, "2025-05-02", "Completed", "15:00:00", "17:00:00"),
(141, 57, 10, 24, 5, "2025-09-25", "Cancelled", "16:00:00", "18:00:00"),
(142, 85, 5, 1, 3, "2024-12-09", "Cancelled", "15:00:00", "17:00:00"),
(143, 84, 6, 23, 18, "2024-11-13", "No-Show", "15:00:00", "17:00:00"),
(144, 79, 5, 21, 19, "2024-12-01", "No-Show", "13:00:00", "15:00:00"),
(145, 47, 7, 20, 20, "2023-11-08", "No-Show", "16:00:00", "18:00:00"),
(146, 87, 7, 11, 15, "2024-06-12", "Scheduled", "12:00:00", "14:00:00"),
(147, 98, 9, 7, 7, "2023-04-02", "Cancelled", "11:00:00", "13:00:00"),
(148, 44, 8, 20, 2, "2024-10-28", "Scheduled", "16:00:00", "18:00:00"),
(149, 23, 3, 24, 21, "2024-06-05", "No-Show", "15:00:00", "17:00:00"),
(150, 53, 2, 21, 17, "2024-10-19", "Cancelled", "15:00:00", "17:00:00"),
(151, 60, 10, 17, 5, "2023-02-26", "No-Show", "16:00:00", "18:00:00"),
(152, 10, 9, 16, 3, "2024-05-22", "Completed", "15:00:00", "17:00:00"),
(153, 81, 5, 9, 10, "2025-11-21", "Completed", "10:00:00", "12:00:00"),
(154, 88, 2, 22, 18, "2023-03-14", "Cancelled", "14:00:00", "16:00:00"),
(155, 14, 2, 3, 13, "2024-12-19", "Cancelled", "16:00:00", "18:00:00"),
(156, 75, 10, 6, 7, "2024-10-28", "Cancelled", "14:00:00", "16:00:00"),
(157, 53, 10, 10, 17, "2024-12-23", "Scheduled", "11:00:00", "13:00:00"),
(158, 1, 2, 24, 16, "2023-10-26", "Completed", "16:00:00", "18:00:00"),
(159, 78, 5, 14, 8, "2025-06-26", "No-Show", "16:00:00", "18:00:00"),
(160, 14, 5, 7, 4, "2025-11-03", "Scheduled", "13:00:00", "15:00:00"),
(161, 87, 3, 17, 10, "2023-09-07", "Cancelled", "14:00:00", "16:00:00"),
(162, 79, 2, 23, 14, "2025-03-02", "Cancelled", "10:00:00", "12:00:00"),
(163, 37, 3, 15, 22, "2025-06-03", "Scheduled", "15:00:00", "17:00:00"),
(164, 29, 6, 23, 11, "2025-10-17", "Completed", "15:00:00", "17:00:00"),
(165, 80, 6, 25, 22, "2025-12-26", "Scheduled", "14:00:00", "16:00:00"),
(166, 29, 1, 1, 21, "2025-07-12", "Scheduled", "14:00:00", "16:00:00"),
(167, 22, 6, 4, 13, "2025-07-03", "Scheduled", "11:00:00", "13:00:00"),
(168, 75, 1, 3, 23, "2023-07-14", "No-Show", "16:00:00", "18:00:00"),
(169, 70, 1, 14, 20, "2024-10-01", "Scheduled", "10:00:00", "12:00:00"),
(170, 38, 1, 9, 25, "2025-06-28", "Completed", "13:00:00", "15:00:00"),
(171, 50, 5, 11, 8, "2023-10-01", "No-Show", "13:00:00", "15:00:00"),
(172, 72, 6, 6, 16, "2025-12-13", "Scheduled", "12:00:00", "14:00:00"),
(173, 22, 6, 6, 11, "2024-11-07", "Completed", "16:00:00", "18:00:00"),
(174, 30, 2, 4, 15, "2023-06-19", "Cancelled", "11:00:00", "13:00:00"),
(175, 33, 7, 16, 2, "2025-10-18", "Scheduled", "14:00:00", "16:00:00"),
(176, 72, 5, 24, 4, "2024-06-22", "No-Show", "16:00:00", "18:00:00"),
(177, 91, 10, 25, 25, "2024-05-23", "Cancelled", "11:00:00", "13:00:00"),
(178, 71, 4, 22, 22, "2023-02-21", "Scheduled", "10:45:00", "12:00:00"),
(179, 51, 3, 22, 8, "2023-09-25", "Completed", "14:00:00", "16:00:00"),
(180, 7, 10, 13, 17, "2025-01-02", "Completed", "14:00:00", "16:00:00"),
(181, 59, 1, 18, 2, "2024-02-16", "No-Show", "16:00:00", "18:00:00"),
(182, 92, 6, 25, 3, "2023-02-16", "Completed", "14:00:00", "16:00:00"),
(183, 52, 10, 6, 15, "2025-02-26", "No-Show", "13:00:00", "15:00:00"),
(184, 12, 10, 12, 25, "2025-01-22", "Completed", "13:00:00", "15:00:00"),
(185, 80, 1, 21, 5, "2023-02-28", "Completed", "10:00:00", "12:00:00"),
(186, 51, 10, 21, 2, "2024-06-20", "Scheduled", "15:00:00", "17:00:00"),
(187, 51, 6, 1, 21, "2024-10-05", "Scheduled", "16:00:00", "18:00:00"),
(188, 37, 10, 12, 21, "2024-06-08", "Cancelled", "12:00:00", "14:00:00"),
(189, 16, 10, 14, 9, "2025-05-14", "Cancelled", "15:00:00", "17:00:00"),
(190, 93, 6, 14, 21, "2023-12-19", "Cancelled", "15:00:00", "17:00:00"),
(191, 2, 3, 6, 16, "2024-10-08", "Cancelled", "12:00:00", "14:00:00"),
(192, 55, 9, 13, 18, "2023-06-24", "Cancelled", "13:00:00", "15:00:00"),
(193, 30, 6, 4, 13, "2025-03-15", "Scheduled", "15:00:00", "17:00:00"),
(194, 90, 5, 7, 6, "2025-06-07", "Completed", "16:00:00", "18:00:00"),
(195, 27, 9, 2, 9, "2023-02-04", "Scheduled", "12:00:00", "14:00:00"),
(196, 34, 2, 12, 13, "2023-11-13", "Completed", "15:00:00", "17:00:00"),
(197, 31, 10, 25, 1, "2024-11-03", "Completed", "11:00:00", "13:00:00"),
(198, 95, 6, 11, 16, "2024-02-03", "Completed", "15:00:00", "17:00:00"),
(199, 49, 9, 10, 16, "2025-10-21", "Scheduled", "15:00:00", "17:00:00"),
(200, 60, 7, 5, 24, "2025-06-10", "No-Show", "16:00:00", "18:00:00");



-- TABLE RATING
CREATE TABLE ratings (
    id INT NOT NULL AUTO_INCREMENT,
    session_id INT NOT NULL,
    score_label ENUM("subpar", "needs work", "great") NOT NULL,
    score_value ENUM("1", "3", "5") NOT NULL,
    comment VARCHAR(250) NULL,
    date_rated DATETIME DEFAULT CURRENT_TIMESTAMP,
    PRIMARY KEY (id),
    FOREIGN KEY (session_id) REFERENCES sessions (id)
        ON UPDATE CASCADE
        ON DELETE CASCADE
);

INSERT INTO ratings (id, session_id, score_label, score_value, comment, date_rated) VALUES
(1, 1, "needs work", 3, "Helpful overall, but I needed more step-by-step guidance.", "2025-04-19"),
(2, 2, "great", 5, "Great experience—solid explanations and a very supportive tutor.", "2025-05-28"),
(3, 3, "subpar", 1, "The tutor seemed distracted and the explanations were confusing.", "2025-06-11"),
(4, 4, "great", 5, "Great experience—solid explanations and a very supportive tutor.", "2025-02-25"),
(5, 5, "needs work", 3, "The session was okay but some topics needed clearer examples.", "2025-02-12"),
(6, 6, "great", 5, "The tutor was patient and made complex ideas easy to understand.", "2025-12-17"),
(7, 7, "subpar", 1, "The tutor seemed distracted and the explanations were confusing.", "2025-10-22"),
(8, 8, "needs work", 3, "Helpful overall, but I needed more step-by-step guidance.", "2025-01-15"),
(9, 9, "subpar", 1, "The tutor seemed distracted and the explanations were confusing.", "2025-03-10"),
(10, 10, "subpar", 1, "The tutor seemed distracted and the explanations were confusing.", "2025-12-13"),
(11, 11, "needs work", 3, "Helpful overall, but I needed more step-by-step guidance.", "2025-04-09"),
(12, 12, "great", 5, "The tutor was patient and made complex ideas easy to understand.", "2025-10-22"),
(13, 13, "subpar", 1, "I struggled to follow along; the tutor's approach wasn't very clear.", "2025-09-16"),
(14, 14, "subpar", 1, "The tutor seemed distracted and the explanations were confusing.", "2025-02-08"),
(15, 15, "subpar", 1, "The tutor seemed distracted and the explanations were confusing.", "2025-04-06"),
(16, 16, "subpar", 1, "I struggled to follow along; the tutor's approach wasn't very clear.", "2025-10-18"),
(17, 17, "great", 5, "The tutor was patient and made complex ideas easy to understand.", "2025-03-22"),
(18, 18, "needs work", 3, "Helpful overall, but I needed more step-by-step guidance.", "2025-06-25"),
(19, 19, "needs work", 3, "Good effort from the tutor, but I left with a few unanswered questions.", "2025-03-05"),
(20, 20, "needs work", 3, "The session was okay but some topics needed clearer examples.", "2025-01-27"),
(21, 21, "subpar", 1, "The tutor seemed distracted and the explanations were confusing.", "2025-03-01"),
(22, 22, "needs work", 3, "Good effort from the tutor, but I left with a few unanswered questions.", "2025-06-01"),
(23, 23, "great", 5, "Very informative session; the tutor explained everything clearly!", "2025-07-09"),
(24, 24, "great", 5, "Great experience—solid explanations and a very supportive tutor.", "2025-11-22"),
(25, 25, "great", 5, "The tutor was patient and made complex ideas easy to understand.", "2025-10-25"),
(26, 26, "needs work", 3, "Good effort from the tutor, but I left with a few unanswered questions.", "2025-07-16"),
(27, 27, "great", 5, "Great experience—solid explanations and a very supportive tutor.", "2025-01-22"),
(28, 28, "subpar", 1, "The tutor seemed distracted and the explanations were confusing.", "2025-07-21"),
(29, 29, "subpar", 1, "The tutor seemed distracted and the explanations were confusing.", "2025-06-03"),
(30, 30, "great", 5, "The tutor was patient and made complex ideas easy to understand.", "2025-01-13"),
(31, 31, "subpar", 1, "I struggled to follow along; the tutor's approach wasn't very clear.", "2025-12-03"),
(32, 32, "needs work", 3, "The session was okay but some topics needed clearer examples.", "2025-12-09"),
(33, 33, "needs work", 3, "The session was okay but some topics needed clearer examples.", "2025-10-02"),
(34, 34, "subpar", 1, "I struggled to follow along; the tutor's approach wasn't very clear.", "2025-07-05"),
(35, 35, "needs work", 3, "Helpful overall, but I needed more step-by-step guidance.", "2025-06-11"),
(36, 36, "subpar", 1, "The tutor seemed distracted and the explanations were confusing.", "2025-11-23"),
(37, 37, "needs work", 3, "Helpful overall, but I needed more step-by-step guidance.", "2025-12-07"),
(38, 38, "subpar", 1, "I struggled to follow along; the tutor's approach wasn't very clear.", "2025-09-19"),
(39, 39, "subpar", 1, "The tutor seemed distracted and the explanations were confusing.", "2025-12-27"),
(40, 40, "subpar", 1, "The session felt rushed and the tutor didn't fully explain the concepts.", "2025-11-26"),
(41, 41, "great", 5, "Very informative session; the tutor explained everything clearly!", "2025-09-01"),
(42, 42, "needs work", 3, "The session was okay but some topics needed clearer examples.", "2025-12-22"),
(43, 43, "needs work", 3, "Good effort from the tutor, but I left with a few unanswered questions.", "2025-08-09"),
(44, 44, "needs work", 3, "Helpful overall, but I needed more step-by-step guidance.", "2025-09-09"),
(45, 45, "great", 5, "The tutor was patient and made complex ideas easy to understand.", "2025-06-22"),
(46, 46, "great", 5, "Great experience—solid explanations and a very supportive tutor.", "2025-01-27"),
(47, 47, "great", 5, "Great experience—solid explanations and a very supportive tutor.", "2025-06-16"),
(48, 48, "great", 5, "Very informative session; the tutor explained everything clearly!", "2025-08-10"),
(49, 49, "needs work", 3, "The session was okay but some topics needed clearer examples.", "2025-11-15"),
(50, 50, "subpar", 1, "I struggled to follow along; the tutor's approach wasn't very clear.", "2025-07-13"),
(51, 51, "subpar", 1, "I struggled to follow along; the tutor's approach wasn't very clear.", "2025-08-04"),
(52, 52, "subpar", 1, "The tutor seemed distracted and the explanations were confusing.", "2025-01-12"),
(53, 53, "subpar", 1, "The tutor seemed distracted and the explanations were confusing.", "2025-05-10"),
(54, 54, "great", 5, "The tutor was patient and made complex ideas easy to understand.", "2025-01-25"),
(55, 55, "needs work", 3, "The session was okay but some topics needed clearer examples.", "2025-09-17"),
(56, 56, "great", 5, "Very informative session; the tutor explained everything clearly!", "2025-06-01"),
(57, 57, "great", 5, "The tutor was patient and made complex ideas easy to understand.", "2025-04-08"),
(58, 58, "needs work", 3, "Helpful overall, but I needed more step-by-step guidance.", "2025-11-13"),
(59, 59, "great", 5, "The tutor was patient and made complex ideas easy to understand.", "2025-07-07"),
(60, 60, "needs work", 3, "The session was okay but some topics needed clearer examples.", "2025-12-10"),
(61, 61, "needs work", 3, "Good effort from the tutor, but I left with a few unanswered questions.", "2025-02-19"),
(62, 62, "subpar", 1, "The session felt rushed and the tutor didn't fully explain the concepts.", "2025-07-14"),
(63, 63, "great", 5, "Great experience—solid explanations and a very supportive tutor.", "2025-04-21"),
(64, 64, "subpar", 1, "I struggled to follow along; the tutor's approach wasn't very clear.", "2025-04-15"),
(65, 65, "great", 5, "Very informative session; the tutor explained everything clearly!", "2025-12-24"),
(66, 66, "great", 5, "Great experience—solid explanations and a very supportive tutor.", "2025-12-04"),
(67, 67, "needs work", 3, "The session was okay but some topics needed clearer examples.", "2025-09-10"),
(68, 68, "subpar", 1, "The tutor seemed distracted and the explanations were confusing.", "2025-08-10"),
(69, 69, "needs work", 3, "Good effort from the tutor, but I left with a few unanswered questions.", "2025-05-03"),
(70, 70, "needs work", 3, "Good effort from the tutor, but I left with a few unanswered questions.", "2025-10-19"),
(71, 71, "great", 5, "Great experience—solid explanations and a very supportive tutor.", "2025-09-16"),
(72, 72, "subpar", 1, "The tutor seemed distracted and the explanations were confusing.", "2025-07-26"),
(73, 73, "great", 5, "The tutor was patient and made complex ideas easy to understand.", "2025-05-06"),
(74, 74, "great", 5, "Very informative session; the tutor explained everything clearly!", "2025-06-13"),
(75, 75, "needs work", 3, "The session was okay but some topics needed clearer examples.", "2025-08-26"),
(76, 76, "needs work", 3, "Helpful overall, but I needed more step-by-step guidance.", "2025-06-01"),
(77, 77, "great", 5, "Very informative session; the tutor explained everything clearly!", "2025-01-07"),
(78, 78, "subpar", 1, "The session felt rushed and the tutor didn't fully explain the concepts.", "2025-03-05"),
(79, 79, "great", 5, "Great experience—solid explanations and a very supportive tutor.", "2025-12-28"),
(80, 80, "subpar", 1, "The tutor seemed distracted and the explanations were confusing.", "2025-02-07"),
(81, 81, "needs work", 3, "Good effort from the tutor, but I left with a few unanswered questions.", "2025-06-05"),
(82, 82, "great", 5, "The tutor was patient and made complex ideas easy to understand.", "2025-09-15"),
(83, 83, "needs work", 3, "The session was okay but some topics needed clearer examples.", "2025-06-12"),
(84, 84, "needs work", 3, "Good effort from the tutor, but I left with a few unanswered questions.", "2025-10-07"),
(85, 85, "needs work", 3, "Helpful overall, but I needed more step-by-step guidance.", "2025-09-16"),
(86, 86, "great", 5, "Great experience—solid explanations and a very supportive tutor.", "2025-11-17"),
(87, 87, "needs work", 3, "Helpful overall, but I needed more step-by-step guidance.", "2025-07-16"),
(88, 88, "great", 5, "The tutor was patient and made complex ideas easy to understand.", "2025-08-21"),
(89, 89, "subpar", 1, "The tutor seemed distracted and the explanations were confusing.", "2025-03-13"),
(90, 90, "subpar", 1, "The session felt rushed and the tutor didn't fully explain the concepts.", "2025-11-25"),
(91, 91, "needs work", 3, "Helpful overall, but I needed more step-by-step guidance.", "2025-01-06"),
(92, 92, "needs work", 3, "The session was okay but some topics needed clearer examples.", "2025-05-13"),
(93, 93, "subpar", 1, "The session felt rushed and the tutor didn't fully explain the concepts.", "2025-08-01"),
(94, 94, "subpar", 1, "I struggled to follow along; the tutor's approach wasn't very clear.", "2025-07-17"),
(95, 95, "great", 5, "The tutor was patient and made complex ideas easy to understand.", "2025-04-04"),
(96, 96, "subpar", 1, "The session felt rushed and the tutor didn't fully explain the concepts.", "2025-07-13"),
(97, 97, "subpar", 1, "I struggled to follow along; the tutor's approach wasn't very clear.", "2025-05-15"),
(98, 98, "subpar", 1, "The tutor seemed distracted and the explanations were confusing.", "2025-03-14"),
(99, 99, "needs work", 3, "The session was okay but some topics needed clearer examples.", "2025-10-09"),
(100, 100, "needs work", 3, "The session was okay but some topics needed clearer examples.", "2025-06-27"),
(101, 101, "subpar", 1, "The session felt rushed and the tutor didn't fully explain the concepts.", "2025-11-19"),
(102, 102, "needs work", 3, "Helpful overall, but I needed more step-by-step guidance.", "2025-10-09"),
(103, 103, "needs work", 3, "Good effort from the tutor, but I left with a few unanswered questions.", "2025-04-27"),
(104, 104, "great", 5, "The tutor was patient and made complex ideas easy to understand.", "2025-12-11"),
(105, 105, "great", 5, "The tutor was patient and made complex ideas easy to understand.", "2025-01-07"),
(106, 106, "subpar", 1, "The tutor seemed distracted and the explanations were confusing.", "2025-11-06"),
(107, 107, "subpar", 1, "I struggled to follow along; the tutor's approach wasn't very clear.", "2025-02-05"),
(108, 108, "great", 5, "Great experience—solid explanations and a very supportive tutor.", "2025-04-28"),
(109, 109, "subpar", 1, "The tutor seemed distracted and the explanations were confusing.", "2025-03-12"),
(110, 110, "great", 5, "The tutor was patient and made complex ideas easy to understand.", "2025-08-18"),
(111, 111, "subpar", 1, "I struggled to follow along; the tutor's approach wasn't very clear.", "2025-06-27"),
(112, 112, "great", 5, "Very informative session; the tutor explained everything clearly!", "2025-12-24"),
(113, 113, "needs work", 3, "The session was okay but some topics needed clearer examples.", "2025-06-28"),
(114, 114, "subpar", 1, "The tutor seemed distracted and the explanations were confusing.", "2025-02-10"),
(115, 115, "needs work", 3, "The session was okay but some topics needed clearer examples.", "2025-10-15"),
(116, 116, "needs work", 3, "Helpful overall, but I needed more step-by-step guidance.", "2025-09-21"),
(117, 117, "subpar", 1, "I struggled to follow along; the tutor's approach wasn't very clear.", "2025-08-12"),
(118, 118, "great", 5, "Very informative session; the tutor explained everything clearly!", "2025-01-27"),
(119, 119, "subpar", 1, "I struggled to follow along; the tutor's approach wasn't very clear.", "2025-02-07"),
(120, 120, "subpar", 1, "I struggled to follow along; the tutor's approach wasn't very clear.", "2025-01-10"),
(121, 121, "great", 5, "Very informative session; the tutor explained everything clearly!", "2025-05-08"),
(122, 122, "needs work", 3, "Helpful overall, but I needed more step-by-step guidance.", "2025-10-17"),
(123, 123, "subpar", 1, "I struggled to follow along; the tutor's approach wasn't very clear.", "2025-08-22"),
(124, 124, "needs work", 3, "The session was okay but some topics needed clearer examples.", "2025-09-03"),
(125, 125, "needs work", 3, "The session was okay but some topics needed clearer examples.", "2025-06-21"),
(126, 126, "subpar", 1, "The session felt rushed and the tutor didn't fully explain the concepts.", "2025-09-21"),
(127, 127, "great", 5, "Very informative session; the tutor explained everything clearly!", "2025-10-01"),
(128, 128, "needs work", 3, "Helpful overall, but I needed more step-by-step guidance.", "2025-06-13"),
(129, 129, "subpar", 1, "The session felt rushed and the tutor didn't fully explain the concepts.", "2025-07-24"),
(130, 130, "great", 5, "Very informative session; the tutor explained everything clearly!", "2025-09-26"),
(131, 131, "subpar", 1, "The session felt rushed and the tutor didn't fully explain the concepts.", "2025-02-21"),
(132, 132, "great", 5, "Great experience—solid explanations and a very supportive tutor.", "2025-02-24"),
(133, 133, "great", 5, "Very informative session; the tutor explained everything clearly!", "2025-04-04"),
(134, 134, "great", 5, "The tutor was patient and made complex ideas easy to understand.", "2025-11-21"),
(135, 135, "needs work", 3, "Good effort from the tutor, but I left with a few unanswered questions.", "2025-09-19"),
(136, 136, "needs work", 3, "Helpful overall, but I needed more step-by-step guidance.", "2025-05-24"),
(137, 137, "subpar", 1, "The tutor seemed distracted and the explanations were confusing.", "2025-05-24"),
(138, 138, "great", 5, "The tutor was patient and made complex ideas easy to understand.", "2025-02-11"),
(139, 139, "needs work", 3, "The session was okay but some topics needed clearer examples.", "2025-06-12"),
(140, 140, "needs work", 3, "The session was okay but some topics needed clearer examples.", "2025-11-27"),
(141, 141, "subpar", 1, "The session felt rushed and the tutor didn't fully explain the concepts.", "2025-05-12"),
(142, 142, "subpar", 1, "I struggled to follow along; the tutor's approach wasn't very clear.", "2025-09-05"),
(143, 143, "needs work", 3, "Good effort from the tutor, but I left with a few unanswered questions.", "2025-10-24"),
(144, 144, "subpar", 1, "The tutor seemed distracted and the explanations were confusing.", "2025-07-20"),
(145, 145, "needs work", 3, "The session was okay but some topics needed clearer examples.", "2025-02-08"),
(146, 146, "great", 5, "Very informative session; the tutor explained everything clearly!", "2025-05-05"),
(147, 147, "needs work", 3, "The session was okay but some topics needed clearer examples.", "2025-05-23"),
(148, 148, "great", 5, "Very informative session; the tutor explained everything clearly!", "2025-02-05"),
(149, 149, "great", 5, "Great experience—solid explanations and a very supportive tutor.", "2025-09-21"),
(150, 150, "great", 5, "Great experience—solid explanations and a very supportive tutor.", "2025-07-10"),
(151, 151, "subpar", 1, "The tutor seemed distracted and the explanations were confusing.", "2025-05-06"),
(152, 152, "subpar", 1, "The tutor seemed distracted and the explanations were confusing.", "2025-02-20"),
(153, 153, "subpar", 1, "I struggled to follow along; the tutor's approach wasn't very clear.", "2025-01-08"),
(154, 154, "great", 5, "Great experience—solid explanations and a very supportive tutor.", "2025-07-06"),
(155, 155, "great", 5, "The tutor was patient and made complex ideas easy to understand.", "2025-01-26"),
(156, 156, "subpar", 1, "I struggled to follow along; the tutor's approach wasn't very clear.", "2025-03-16"),
(157, 157, "needs work", 3, "The session was okay but some topics needed clearer examples.", "2025-12-13"),
(158, 158, "subpar", 1, "The tutor seemed distracted and the explanations were confusing.", "2025-11-17"),
(159, 159, "subpar", 1, "The session felt rushed and the tutor didn't fully explain the concepts.", "2025-02-03"),
(160, 160, "subpar", 1, "The session felt rushed and the tutor didn't fully explain the concepts.", "2025-06-25"),
(161, 161, "subpar", 1, "The session felt rushed and the tutor didn't fully explain the concepts.", "2025-02-24"),
(162, 162, "needs work", 3, "Helpful overall, but I needed more step-by-step guidance.", "2025-04-16"),
(163, 163, "subpar", 1, "I struggled to follow along; the tutor's approach wasn't very clear.", "2025-06-13"),
(164, 164, "needs work", 3, "Good effort from the tutor, but I left with a few unanswered questions.", "2025-05-13"),
(165, 165, "great", 5, "The tutor was patient and made complex ideas easy to understand.", "2025-04-11"),
(166, 166, "subpar", 1, "The session felt rushed and the tutor didn't fully explain the concepts.", "2025-09-12"),
(167, 167, "great", 5, "Great experience—solid explanations and a very supportive tutor.", "2025-05-12"),
(168, 168, "needs work", 3, "The session was okay but some topics needed clearer examples.", "2025-09-24"),
(169, 169, "subpar", 1, "The tutor seemed distracted and the explanations were confusing.", "2025-07-04"),
(170, 170, "needs work", 3, "Helpful overall, but I needed more step-by-step guidance.", "2025-12-18"),
(171, 171, "subpar", 1, "The session felt rushed and the tutor didn't fully explain the concepts.", "2025-05-16"),
(172, 172, "needs work", 3, "Helpful overall, but I needed more step-by-step guidance.", "2025-05-16"),
(173, 173, "subpar", 1, "The tutor seemed distracted and the explanations were confusing.", "2025-11-09"),
(174, 174, "needs work", 3, "The session was okay but some topics needed clearer examples.", "2025-11-14"),
(175, 175, "needs work", 3, "Good effort from the tutor, but I left with a few unanswered questions.", "2025-11-26"),
(176, 176, "needs work", 3, "The session was okay but some topics needed clearer examples.", "2025-11-11"),
(177, 177, "great", 5, "Very informative session; the tutor explained everything clearly!", "2025-11-28"),
(178, 178, "great", 5, "The tutor was patient and made complex ideas easy to understand.", "2025-08-23"),
(179, 179, "great", 5, "The tutor was patient and made complex ideas easy to understand.", "2025-11-07"),
(180, 180, "great", 5, "The tutor was patient and made complex ideas easy to understand.", "2025-03-03"),
(181, 181, "subpar", 1, "I struggled to follow along; the tutor's approach wasn't very clear.", "2025-09-28"),
(182, 182, "great", 5, "Great experience—solid explanations and a very supportive tutor.", "2025-08-19"),
(183, 183, "needs work", 3, "The session was okay but some topics needed clearer examples.", "2025-03-09"),
(184, 184, "subpar", 1, "The session felt rushed and the tutor didn't fully explain the concepts.", "2025-07-07"),
(185, 185, "subpar", 1, "The tutor seemed distracted and the explanations were confusing.", "2025-06-11"),
(186, 186, "subpar", 1, "The session felt rushed and the tutor didn't fully explain the concepts.", "2025-07-05"),
(187, 187, "subpar", 1, "I struggled to follow along; the tutor's approach wasn't very clear.", "2025-09-05"),
(188, 188, "subpar", 1, "The tutor seemed distracted and the explanations were confusing.", "2025-04-24"),
(189, 189, "needs work", 3, "Helpful overall, but I needed more step-by-step guidance.", "2025-11-26"),
(190, 190, "needs work", 3, "The session was okay but some topics needed clearer examples.", "2025-03-13"),
(191, 191, "subpar", 1, "I struggled to follow along; the tutor's approach wasn't very clear.", "2025-09-03"),
(192, 192, "great", 5, "Great experience—solid explanations and a very supportive tutor.", "2025-08-19"),
(193, 193, "subpar", 1, "The session felt rushed and the tutor didn't fully explain the concepts.", "2025-01-15"),
(194, 194, "great", 5, "Great experience—solid explanations and a very supportive tutor.", "2025-03-11"),
(195, 195, "great", 5, "Great experience—solid explanations and a very supportive tutor.", "2025-01-10"),
(196, 196, "subpar", 1, "The session felt rushed and the tutor didn't fully explain the concepts.", "2025-04-26"),
(197, 197, "needs work", 3, "Helpful overall, but I needed more step-by-step guidance.", "2025-01-22"),
(198, 198, "great", 5, "Very informative session; the tutor explained everything clearly!", "2025-05-17"),
(199, 199, "great", 5, "Great experience—solid explanations and a very supportive tutor.", "2025-04-10"),
(200, 200, "great", 5, "Great experience—solid explanations and a very supportive tutor.", "2025-02-20");
